Treinamento,Erro Quadrático Médio,Número de Épocas
T1,0.005203331042129533,17552
T2,0.004397658830695789,12873
T3,0.031057710529972145,333
T4,0.004523466722119851,13457
T5,0.00436130641154658,15234
