Treinamento,Erro Quadrático Médio,Número de Épocas
T1,0.0052033310421295345,17552
T2,0.004397658830695788,12873
T3,0.031057710529972145,333
T4,0.004523466722119854,13457
T5,0.004361306411546584,15234
