Rede,T1_EQM,T1_Epocas,T2_EQM,T2_Epocas,T3_EQM,T3_Epocas
Rede 1,0.05047891941127626,87,0.05075547509168558,77,0.012920551180120156,5188
Rede 2,0.05155779233352447,162,0.05261522999541733,385,0.4971628578623235,2
Rede 3,0.494515089770271,2,0.4945175803016612,2,0.4945113903134703,2
